timeStamp,elapsed,label,responseCode,responseMessage,threadName,dataType,success,failureMessage,bytes,sentBytes,grpThreads,allThreads,URL,Latency,IdleTime,Connect
1.74188E+12,515,HTTP Request,200,OK,Thread Group 1-2,text,TRUE,,5148,126,20,20,https://app.kanjialive.com/search,511,0,424
1.74188E+12,1136,HTTP Request,200,OK,Thread Group 1-1,text,TRUE,,5149,126,19,19,https://app.kanjialive.com/search,1135,0,1015
1.74188E+12,431,HTTP Request,200,OK,Thread Group 1-3,text,TRUE,,5147,126,18,18,https://app.kanjialive.com/search,430,0,360
1.74188E+12,450,HTTP Request,200,OK,Thread Group 1-5,text,TRUE,,5148,126,18,18,https://app.kanjialive.com/search,447,0,382
1.74188E+12,115,HTTP Request,200,OK,Thread Group 1-4,text,TRUE,,5143,126,18,18,https://app.kanjialive.com/search,114,0,69
1.74188E+12,111,HTTP Request,200,OK,Thread Group 1-6,text,TRUE,,5142,126,17,17,https://app.kanjialive.com/search,110,0,62
1.74188E+12,124,HTTP Request,200,OK,Thread Group 1-7,text,TRUE,,5142,126,18,18,https://app.kanjialive.com/search,123,0,62
1.74188E+12,113,HTTP Request,200,OK,Thread Group 1-8,text,TRUE,,5142,126,18,18,https://app.kanjialive.com/search,113,0,66
1.74188E+12,128,HTTP Request,200,OK,Thread Group 1-9,text,TRUE,,5142,126,18,18,https://app.kanjialive.com/search,123,0,67
1.74188E+12,109,HTTP Request,200,OK,Thread Group 1-10,text,TRUE,,5142,126,17,17,https://app.kanjialive.com/search,108,0,62
1.74188E+12,115,HTTP Request,200,OK,Thread Group 1-11,text,TRUE,,5142,126,17,17,https://app.kanjialive.com/search,114,0,68
1.74188E+12,119,HTTP Request,200,OK,Thread Group 1-12,text,TRUE,,5146,126,18,18,https://app.kanjialive.com/search,118,0,70
1.74188E+12,153,HTTP Request,200,OK,Thread Group 1-14,text,TRUE,,5147,126,18,18,https://app.kanjialive.com/search,153,0,97
1.74188E+12,114,HTTP Request,200,OK,Thread Group 1-13,text,TRUE,,5146,126,17,17,https://app.kanjialive.com/search,114,0,61
1.74188E+12,128,HTTP Request,200,OK,Thread Group 1-15,text,TRUE,,5146,126,16,16,https://app.kanjialive.com/search,127,0,61
1.74188E+12,112,HTTP Request,200,OK,Thread Group 1-16,text,TRUE,,5142,126,17,17,https://app.kanjialive.com/search,112,0,67
1.74188E+12,114,HTTP Request,200,OK,Thread Group 1-17,text,TRUE,,5142,126,18,18,https://app.kanjialive.com/search,113,0,62
1.74188E+12,106,HTTP Request,200,OK,Thread Group 1-19,text,TRUE,,5142,126,18,18,https://app.kanjialive.com/search,105,0,60
1.74188E+12,111,HTTP Request,200,OK,Thread Group 1-18,text,TRUE,,5142,126,18,18,https://app.kanjialive.com/search,108,0,63
1.74188E+12,104,HTTP Request,200,OK,Thread Group 1-21,text,TRUE,,5142,126,17,17,https://app.kanjialive.com/search,104,0,59
1.74188E+12,116,HTTP Request,200,OK,Thread Group 1-20,text,TRUE,,5142,126,17,17,https://app.kanjialive.com/search,116,0,58
1.74188E+12,121,HTTP Request,200,OK,Thread Group 1-22,text,TRUE,,5146,126,17,17,https://app.kanjialive.com/search,120,0,76
1.74188E+12,112,HTTP Request,200,OK,Thread Group 1-23,text,TRUE,,5146,126,17,17,https://app.kanjialive.com/search,112,0,64
1.74188E+12,109,HTTP Request,200,OK,Thread Group 1-24,text,TRUE,,5146,126,17,17,https://app.kanjialive.com/search,109,0,62
1.74188E+12,110,HTTP Request,200,OK,Thread Group 1-25,text,TRUE,,5146,126,17,17,https://app.kanjialive.com/search,109,0,61
1.74188E+12,111,HTTP Request,200,OK,Thread Group 1-26,text,TRUE,,5146,126,17,17,https://app.kanjialive.com/search,111,0,64
1.74188E+12,114,HTTP Request,200,OK,Thread Group 1-29,text,TRUE,,5146,126,18,18,https://app.kanjialive.com/search,114,0,61
1.74188E+12,107,HTTP Request,200,OK,Thread Group 1-27,text,TRUE,,5147,126,17,17,https://app.kanjialive.com/search,106,0,58
1.74188E+12,119,HTTP Request,200,OK,Thread Group 1-28,text,TRUE,,5146,126,16,16,https://app.kanjialive.com/search,119,0,58
1.74188E+12,156,HTTP Request,200,OK,Thread Group 1-30,text,TRUE,,5142,126,19,19,https://app.kanjialive.com/search,151,0,67
1.74188E+12,110,HTTP Request,200,OK,Thread Group 1-31,text,TRUE,,5142,126,18,18,https://app.kanjialive.com/search,110,0,59
1.74188E+12,112,HTTP Request,200,OK,Thread Group 1-32,text,TRUE,,5146,126,18,18,https://app.kanjialive.com/search,112,0,60
1.74188E+12,116,HTTP Request,200,OK,Thread Group 1-33,text,TRUE,,5146,126,18,18,https://app.kanjialive.com/search,116,0,59
1.74188E+12,104,HTTP Request,200,OK,Thread Group 1-34,text,TRUE,,5146,126,17,17,https://app.kanjialive.com/search,103,0,55
1.74188E+12,122,HTTP Request,200,OK,Thread Group 1-35,text,TRUE,,5138,126,18,18,https://app.kanjialive.com/search,122,0,68
1.74188E+12,109,HTTP Request,200,OK,Thread Group 1-36,text,TRUE,,5138,126,18,18,https://app.kanjialive.com/search,109,0,60
1.74188E+12,113,HTTP Request,200,OK,Thread Group 1-37,text,TRUE,,5138,126,17,17,https://app.kanjialive.com/search,112,0,60
1.74188E+12,131,HTTP Request,200,OK,Thread Group 1-38,text,TRUE,,5147,126,18,18,https://app.kanjialive.com/search,130,0,82
1.74188E+12,99,HTTP Request,200,OK,Thread Group 1-39,text,TRUE,,5146,126,18,18,https://app.kanjialive.com/search,99,0,55
1.74188E+12,115,HTTP Request,200,OK,Thread Group 1-41,text,TRUE,,5146,126,17,17,https://app.kanjialive.com/search,115,0,59
1.74188E+12,110,HTTP Request,200,OK,Thread Group 1-40,text,TRUE,,5146,126,17,17,https://app.kanjialive.com/search,110,0,56
1.74188E+12,111,HTTP Request,200,OK,Thread Group 1-43,text,TRUE,,5142,126,18,18,https://app.kanjialive.com/search,111,0,62
1.74188E+12,108,HTTP Request,200,OK,Thread Group 1-42,text,TRUE,,5142,126,17,17,https://app.kanjialive.com/search,107,0,63
1.74188E+12,101,HTTP Request,200,OK,Thread Group 1-44,text,TRUE,,5142,126,17,17,https://app.kanjialive.com/search,101,0,55
1.74188E+12,114,HTTP Request,200,OK,Thread Group 1-45,text,TRUE,,5138,126,18,18,https://app.kanjialive.com/search,114,0,60
1.74188E+12,112,HTTP Request,200,OK,Thread Group 1-46,text,TRUE,,5138,126,18,18,https://app.kanjialive.com/search,112,0,57
1.74188E+12,100,HTTP Request,200,OK,Thread Group 1-47,text,TRUE,,5138,126,18,18,https://app.kanjialive.com/search,99,0,53
1.74188E+12,119,HTTP Request,200,OK,Thread Group 1-48,text,TRUE,,5138,126,17,17,https://app.kanjialive.com/search,118,0,64
1.74188E+12,115,HTTP Request,200,OK,Thread Group 1-50,text,TRUE,,5146,126,17,17,https://app.kanjialive.com/search,114,0,66
1.74188E+12,132,HTTP Request,200,OK,Thread Group 1-49,text,TRUE,,5147,126,17,17,https://app.kanjialive.com/search,131,0,87
1.74188E+12,113,HTTP Request,200,OK,Thread Group 1-51,text,TRUE,,5146,126,18,18,https://app.kanjialive.com/search,113,0,65
1.74188E+12,121,HTTP Request,200,OK,Thread Group 1-52,text,TRUE,,5150,126,17,17,https://app.kanjialive.com/search,121,0,59
1.74188E+12,119,HTTP Request,200,OK,Thread Group 1-53,text,TRUE,,5151,126,18,18,https://app.kanjialive.com/search,119,0,60
1.74188E+12,137,HTTP Request,200,OK,Thread Group 1-54,text,TRUE,,5151,126,18,18,https://app.kanjialive.com/search,137,0,83
1.74188E+12,103,HTTP Request,200,OK,Thread Group 1-55,text,TRUE,,5138,126,18,18,https://app.kanjialive.com/search,102,0,57
1.74188E+12,115,HTTP Request,200,OK,Thread Group 1-57,text,TRUE,,5138,126,18,18,https://app.kanjialive.com/search,111,0,67
1.74188E+12,103,HTTP Request,200,OK,Thread Group 1-56,text,TRUE,,5138,126,18,18,https://app.kanjialive.com/search,102,0,58
1.74188E+12,108,HTTP Request,200,OK,Thread Group 1-58,text,TRUE,,5146,126,18,18,https://app.kanjialive.com/search,106,0,62
1.74188E+12,120,HTTP Request,200,OK,Thread Group 1-60,text,TRUE,,5146,126,18,18,https://app.kanjialive.com/search,119,0,73
1.74188E+12,104,HTTP Request,200,OK,Thread Group 1-59,text,TRUE,,5146,126,18,18,https://app.kanjialive.com/search,103,0,56
1.74188E+12,112,HTTP Request,200,OK,Thread Group 1-61,text,TRUE,,5146,126,17,17,https://app.kanjialive.com/search,109,0,56
1.74188E+12,100,HTTP Request,200,OK,Thread Group 1-62,text,TRUE,,5146,126,18,18,https://app.kanjialive.com/search,99,0,58
1.74188E+12,103,HTTP Request,200,OK,Thread Group 1-63,text,TRUE,,5146,126,18,18,https://app.kanjialive.com/search,102,0,58
1.74188E+12,107,HTTP Request,200,OK,Thread Group 1-65,text,TRUE,,5146,126,18,18,https://app.kanjialive.com/search,106,0,56
1.74188E+12,113,HTTP Request,200,OK,Thread Group 1-64,text,TRUE,,5146,126,17,17,https://app.kanjialive.com/search,113,0,61
1.74188E+12,109,HTTP Request,200,OK,Thread Group 1-66,text,TRUE,,5142,126,17,17,https://app.kanjialive.com/search,108,0,53
1.74188E+12,112,HTTP Request,200,OK,Thread Group 1-67,text,TRUE,,5142,126,17,17,https://app.kanjialive.com/search,112,0,58
1.74188E+12,133,HTTP Request,200,OK,Thread Group 1-69,text,TRUE,,5142,126,19,19,https://app.kanjialive.com/search,133,0,78
1.74188E+12,113,HTTP Request,200,OK,Thread Group 1-68,text,TRUE,,5142,126,18,18,https://app.kanjialive.com/search,113,0,57
1.74188E+12,105,HTTP Request,200,OK,Thread Group 1-70,text,TRUE,,5142,126,18,18,https://app.kanjialive.com/search,105,0,61
1.74188E+12,117,HTTP Request,200,OK,Thread Group 1-71,text,TRUE,,5142,126,18,18,https://app.kanjialive.com/search,117,0,66
1.74188E+12,132,HTTP Request,200,OK,Thread Group 1-72,text,TRUE,,5142,126,18,18,https://app.kanjialive.com/search,132,0,58
1.74188E+12,102,HTTP Request,200,OK,Thread Group 1-73,text,TRUE,,5142,126,17,17,https://app.kanjialive.com/search,102,0,56
1.74188E+12,114,HTTP Request,200,OK,Thread Group 1-74,text,TRUE,,5142,126,18,18,https://app.kanjialive.com/search,113,0,60
1.74188E+12,103,HTTP Request,200,OK,Thread Group 1-75,text,TRUE,,5142,126,18,18,https://app.kanjialive.com/search,101,0,58
1.74188E+12,110,HTTP Request,200,OK,Thread Group 1-76,text,TRUE,,5142,126,18,18,https://app.kanjialive.com/search,110,0,62
1.74188E+12,104,HTTP Request,200,OK,Thread Group 1-77,text,TRUE,,5142,126,18,18,https://app.kanjialive.com/search,104,0,59
1.74188E+12,106,HTTP Request,200,OK,Thread Group 1-78,text,TRUE,,5143,126,17,17,https://app.kanjialive.com/search,106,0,59
1.74188E+12,129,HTTP Request,200,OK,Thread Group 1-80,text,TRUE,,5138,126,18,18,https://app.kanjialive.com/search,129,0,71
1.74188E+12,108,HTTP Request,200,OK,Thread Group 1-79,text,TRUE,,5138,126,18,18,https://app.kanjialive.com/search,108,0,61
1.74188E+12,108,HTTP Request,200,OK,Thread Group 1-82,text,TRUE,,5138,126,17,17,https://app.kanjialive.com/search,108,0,58
1.74188E+12,126,HTTP Request,200,OK,Thread Group 1-81,text,TRUE,,5138,126,16,16,https://app.kanjialive.com/search,126,0,63
1.74188E+12,117,HTTP Request,200,OK,Thread Group 1-84,text,TRUE,,5150,126,19,19,https://app.kanjialive.com/search,117,0,66
1.74188E+12,120,HTTP Request,200,OK,Thread Group 1-83,text,TRUE,,5150,126,18,18,https://app.kanjialive.com/search,119,0,63
1.74188E+12,114,HTTP Request,200,OK,Thread Group 1-86,text,TRUE,,5138,126,18,18,https://app.kanjialive.com/search,114,0,70
1.74188E+12,106,HTTP Request,200,OK,Thread Group 1-85,text,TRUE,,5138,126,18,18,https://app.kanjialive.com/search,106,0,56
1.74188E+12,101,HTTP Request,200,OK,Thread Group 1-88,text,TRUE,,5138,126,18,18,https://app.kanjialive.com/search,101,0,56
1.74188E+12,103,HTTP Request,200,OK,Thread Group 1-87,text,TRUE,,5138,126,17,17,https://app.kanjialive.com/search,103,0,56
1.74188E+12,123,HTTP Request,200,OK,Thread Group 1-89,text,TRUE,,5150,126,18,18,https://app.kanjialive.com/search,123,0,68
1.74188E+12,122,HTTP Request,200,OK,Thread Group 1-90,text,TRUE,,5151,126,18,18,https://app.kanjialive.com/search,122,0,72
1.74188E+12,102,HTTP Request,200,OK,Thread Group 1-91,text,TRUE,,5150,126,18,18,https://app.kanjialive.com/search,102,0,56
1.74188E+12,112,HTTP Request,200,OK,Thread Group 1-92,text,TRUE,,5158,126,18,18,https://app.kanjialive.com/search,112,0,64
1.74188E+12,106,HTTP Request,200,OK,Thread Group 1-94,text,TRUE,,5159,126,18,18,https://app.kanjialive.com/search,106,0,61
1.74188E+12,103,HTTP Request,200,OK,Thread Group 1-93,text,TRUE,,5158,126,17,17,https://app.kanjialive.com/search,103,0,57
1.74188E+12,110,HTTP Request,200,OK,Thread Group 1-96,text,TRUE,,5150,126,18,18,https://app.kanjialive.com/search,110,0,64
1.74188E+12,113,HTTP Request,200,OK,Thread Group 1-95,text,TRUE,,5150,126,17,17,https://app.kanjialive.com/search,113,0,56
1.74188E+12,110,HTTP Request,200,OK,Thread Group 1-97,text,TRUE,,5151,126,17,17,https://app.kanjialive.com/search,110,0,62
1.74188E+12,128,HTTP Request,200,OK,Thread Group 1-98,text,TRUE,,5150,126,18,18,https://app.kanjialive.com/search,126,0,65
1.74188E+12,105,HTTP Request,200,OK,Thread Group 1-99,text,TRUE,,5142,126,17,17,https://app.kanjialive.com/search,104,0,58
1.74188E+12,106,HTTP Request,200,OK,Thread Group 1-100,text,TRUE,,5143,126,16,16,https://app.kanjialive.com/search,105,0,59
1.74188E+12,124,HTTP Request,200,OK,Thread Group 1-102,text,TRUE,,5142,126,18,18,https://app.kanjialive.com/search,124,0,67
1.74188E+12,117,HTTP Request,200,OK,Thread Group 1-101,text,TRUE,,5143,126,17,17,https://app.kanjialive.com/search,117,0,64
1.74188E+12,115,HTTP Request,200,OK,Thread Group 1-103,text,TRUE,,5138,126,16,16,https://app.kanjialive.com/search,113,0,61
1.74188E+12,122,HTTP Request,200,OK,Thread Group 1-104,text,TRUE,,5138,126,18,18,https://app.kanjialive.com/search,122,0,64
1.74188E+12,129,HTTP Request,200,OK,Thread Group 1-105,text,TRUE,,5143,126,18,18,https://app.kanjialive.com/search,128,0,78
1.74188E+12,108,HTTP Request,200,OK,Thread Group 1-107,text,TRUE,,5142,126,18,18,https://app.kanjialive.com/search,108,0,61
1.74188E+12,109,HTTP Request,200,OK,Thread Group 1-106,text,TRUE,,5142,126,17,17,https://app.kanjialive.com/search,109,0,59
1.74188E+12,118,HTTP Request,200,OK,Thread Group 1-109,text,TRUE,,5138,126,18,18,https://app.kanjialive.com/search,117,0,64
1.74188E+12,110,HTTP Request,200,OK,Thread Group 1-108,text,TRUE,,5138,126,17,17,https://app.kanjialive.com/search,110,0,58
1.74188E+12,125,HTTP Request,200,OK,Thread Group 1-110,text,TRUE,,5138,126,18,18,https://app.kanjialive.com/search,125,0,58
1.74188E+12,105,HTTP Request,200,OK,Thread Group 1-111,text,TRUE,,5138,126,18,18,https://app.kanjialive.com/search,100,0,58
1.74188E+12,102,HTTP Request,200,OK,Thread Group 1-112,text,TRUE,,5138,126,17,17,https://app.kanjialive.com/search,99,0,56
1.74188E+12,111,HTTP Request,200,OK,Thread Group 1-113,text,TRUE,,5142,126,17,17,https://app.kanjialive.com/search,111,0,68
1.74188E+12,118,HTTP Request,200,OK,Thread Group 1-114,text,TRUE,,5142,126,18,18,https://app.kanjialive.com/search,118,0,64
1.74188E+12,116,HTTP Request,200,OK,Thread Group 1-115,text,TRUE,,5142,126,18,18,https://app.kanjialive.com/search,116,0,62
1.74188E+12,106,HTTP Request,200,OK,Thread Group 1-117,text,TRUE,,5142,126,18,18,https://app.kanjialive.com/search,106,0,59
1.74188E+12,116,HTTP Request,200,OK,Thread Group 1-116,text,TRUE,,5143,126,17,17,https://app.kanjialive.com/search,115,0,60
1.74188E+12,119,HTTP Request,200,OK,Thread Group 1-118,text,TRUE,,5142,126,17,17,https://app.kanjialive.com/search,118,0,59
1.74188E+12,109,HTTP Request,200,OK,Thread Group 1-120,text,TRUE,,5142,126,18,18,https://app.kanjialive.com/search,108,0,63
1.74188E+12,107,HTTP Request,200,OK,Thread Group 1-119,text,TRUE,,5143,126,17,17,https://app.kanjialive.com/search,107,0,65
1.74188E+12,113,HTTP Request,200,OK,Thread Group 1-121,text,TRUE,,5142,126,18,18,https://app.kanjialive.com/search,113,0,70
1.74188E+12,120,HTTP Request,200,OK,Thread Group 1-122,text,TRUE,,5146,126,18,18,https://app.kanjialive.com/search,120,0,58
1.74188E+12,93,HTTP Request,200,OK,Thread Group 1-123,text,TRUE,,5146,126,18,18,https://app.kanjialive.com/search,93,0,50
1.74188E+12,111,HTTP Request,200,OK,Thread Group 1-124,text,TRUE,,5146,126,18,18,https://app.kanjialive.com/search,110,0,51
1.74188E+12,102,HTTP Request,200,OK,Thread Group 1-125,text,TRUE,,5146,126,17,17,https://app.kanjialive.com/search,102,0,52
1.74188E+12,116,HTTP Request,200,OK,Thread Group 1-127,text,TRUE,,5150,126,18,18,https://app.kanjialive.com/search,116,0,67
1.74188E+12,100,HTTP Request,200,OK,Thread Group 1-126,text,TRUE,,5150,126,18,18,https://app.kanjialive.com/search,100,0,57
1.74188E+12,106,HTTP Request,200,OK,Thread Group 1-128,text,TRUE,,5150,126,17,17,https://app.kanjialive.com/search,105,0,57
1.74188E+12,168,HTTP Request,200,OK,Thread Group 1-129,text,TRUE,,5146,126,18,18,https://app.kanjialive.com/search,168,0,102
1.74188E+12,106,HTTP Request,200,OK,Thread Group 1-130,text,TRUE,,5146,126,18,18,https://app.kanjialive.com/search,106,0,54
1.74188E+12,110,HTTP Request,200,OK,Thread Group 1-131,text,TRUE,,5146,126,17,17,https://app.kanjialive.com/search,110,0,61
1.74188E+12,102,HTTP Request,200,OK,Thread Group 1-132,text,TRUE,,5147,126,17,17,https://app.kanjialive.com/search,102,0,56
1.74188E+12,110,HTTP Request,200,OK,Thread Group 1-134,text,TRUE,,5143,126,18,18,https://app.kanjialive.com/search,110,0,61
1.74188E+12,102,HTTP Request,200,OK,Thread Group 1-133,text,TRUE,,5142,126,17,17,https://app.kanjialive.com/search,102,0,53
1.74188E+12,116,HTTP Request,200,OK,Thread Group 1-135,text,TRUE,,5138,126,19,19,https://app.kanjialive.com/search,113,0,63
1.74188E+12,110,HTTP Request,200,OK,Thread Group 1-136,text,TRUE,,5138,126,18,18,https://app.kanjialive.com/search,110,0,55
1.74188E+12,109,HTTP Request,200,OK,Thread Group 1-137,text,TRUE,,5138,126,17,17,https://app.kanjialive.com/search,106,0,59
1.74188E+12,110,HTTP Request,200,OK,Thread Group 1-138,text,TRUE,,5159,126,18,18,https://app.kanjialive.com/search,110,0,63
1.74188E+12,129,HTTP Request,200,OK,Thread Group 1-139,text,TRUE,,5159,126,17,17,https://app.kanjialive.com/search,128,0,73
1.74188E+12,104,HTTP Request,200,OK,Thread Group 1-140,text,TRUE,,5158,126,17,17,https://app.kanjialive.com/search,104,0,56
1.74188E+12,112,HTTP Request,200,OK,Thread Group 1-141,text,TRUE,,5142,126,18,18,https://app.kanjialive.com/search,112,0,57
1.74188E+12,112,HTTP Request,200,OK,Thread Group 1-142,text,TRUE,,5142,126,18,18,https://app.kanjialive.com/search,111,0,58
1.74188E+12,120,HTTP Request,200,OK,Thread Group 1-143,text,TRUE,,5142,126,17,17,https://app.kanjialive.com/search,120,0,66
1.74188E+12,107,HTTP Request,200,OK,Thread Group 1-144,text,TRUE,,5143,126,17,17,https://app.kanjialive.com/search,107,0,64
1.74188E+12,102,HTTP Request,200,OK,Thread Group 1-145,text,TRUE,,5142,126,18,18,https://app.kanjialive.com/search,101,0,55
1.74188E+12,99,HTTP Request,200,OK,Thread Group 1-146,text,TRUE,,5142,126,18,18,https://app.kanjialive.com/search,98,0,54
1.74188E+12,113,HTTP Request,200,OK,Thread Group 1-147,text,TRUE,,5142,126,18,18,https://app.kanjialive.com/search,113,0,68
1.74188E+12,113,HTTP Request,200,OK,Thread Group 1-148,text,TRUE,,5142,126,17,17,https://app.kanjialive.com/search,110,0,62
1.74188E+12,108,HTTP Request,200,OK,Thread Group 1-149,text,TRUE,,5142,126,18,18,https://app.kanjialive.com/search,108,0,60
1.74188E+12,124,HTTP Request,200,OK,Thread Group 1-150,text,TRUE,,5142,126,18,18,https://app.kanjialive.com/search,124,0,69
1.74188E+12,118,HTTP Request,200,OK,Thread Group 1-151,text,TRUE,,5143,126,18,18,https://app.kanjialive.com/search,118,0,71
1.74188E+12,133,HTTP Request,200,OK,Thread Group 1-152,text,TRUE,,5142,126,17,17,https://app.kanjialive.com/search,133,0,72
1.74188E+12,116,HTTP Request,200,OK,Thread Group 1-153,text,TRUE,,5150,126,18,18,https://app.kanjialive.com/search,115,0,64
1.74188E+12,118,HTTP Request,200,OK,Thread Group 1-155,text,TRUE,,5150,126,18,18,https://app.kanjialive.com/search,118,0,56
1.74188E+12,109,HTTP Request,200,OK,Thread Group 1-154,text,TRUE,,5138,126,18,18,https://app.kanjialive.com/search,108,0,56
1.74188E+12,113,HTTP Request,200,OK,Thread Group 1-156,text,TRUE,,5138,126,17,17,https://app.kanjialive.com/search,113,0,59
1.74188E+12,99,HTTP Request,200,OK,Thread Group 1-158,text,TRUE,,5138,126,18,18,https://app.kanjialive.com/search,99,0,54
1.74188E+12,117,HTTP Request,200,OK,Thread Group 1-157,text,TRUE,,5138,126,17,17,https://app.kanjialive.com/search,117,0,60
1.74188E+12,105,HTTP Request,200,OK,Thread Group 1-159,text,TRUE,,5138,126,18,18,https://app.kanjialive.com/search,104,0,61
1.74188E+12,101,HTTP Request,200,OK,Thread Group 1-160,text,TRUE,,5138,126,17,17,https://app.kanjialive.com/search,98,0,56
1.74188E+12,124,HTTP Request,200,OK,Thread Group 1-161,text,TRUE,,5138,126,18,18,https://app.kanjialive.com/search,124,0,68
1.74188E+12,125,HTTP Request,200,OK,Thread Group 1-162,text,TRUE,,5139,126,18,18,https://app.kanjialive.com/search,124,0,61
1.74188E+12,116,HTTP Request,200,OK,Thread Group 1-163,text,TRUE,,5138,126,17,17,https://app.kanjialive.com/search,115,0,58
1.74188E+12,116,HTTP Request,200,OK,Thread Group 1-164,text,TRUE,,5139,126,18,18,https://app.kanjialive.com/search,116,0,66
1.74188E+12,109,HTTP Request,200,OK,Thread Group 1-165,text,TRUE,,5150,126,18,18,https://app.kanjialive.com/search,105,0,58
1.74188E+12,101,HTTP Request,200,OK,Thread Group 1-166,text,TRUE,,5150,126,17,17,https://app.kanjialive.com/search,101,0,56
1.74188E+12,99,HTTP Request,200,OK,Thread Group 1-167,text,TRUE,,5150,126,17,17,https://app.kanjialive.com/search,98,0,53
1.74188E+12,120,HTTP Request,200,OK,Thread Group 1-168,text,TRUE,,5151,126,17,17,https://app.kanjialive.com/search,118,0,66
1.74188E+12,104,HTTP Request,200,OK,Thread Group 1-169,text,TRUE,,5138,126,17,17,https://app.kanjialive.com/search,104,0,55
1.74188E+12,102,HTTP Request,200,OK,Thread Group 1-170,text,TRUE,,5138,126,17,17,https://app.kanjialive.com/search,102,0,57
1.74188E+12,104,HTTP Request,200,OK,Thread Group 1-172,text,TRUE,,5138,126,18,18,https://app.kanjialive.com/search,104,0,60
1.74188E+12,110,HTTP Request,200,OK,Thread Group 1-173,text,TRUE,,5146,126,17,17,https://app.kanjialive.com/search,110,0,60
1.74188E+12,113,HTTP Request,200,OK,Thread Group 1-171,text,TRUE,,5147,126,16,16,https://app.kanjialive.com/search,112,0,66
1.74188E+12,101,HTTP Request,200,OK,Thread Group 1-174,text,TRUE,,5146,126,17,17,https://app.kanjialive.com/search,101,0,57
1.74188E+12,123,HTTP Request,200,OK,Thread Group 1-175,text,TRUE,,5142,126,18,18,https://app.kanjialive.com/search,123,0,68
1.74188E+12,115,HTTP Request,200,OK,Thread Group 1-176,text,TRUE,,5143,126,19,19,https://app.kanjialive.com/search,113,0,69
1.74188E+12,116,HTTP Request,200,OK,Thread Group 1-177,text,TRUE,,5142,126,18,18,https://app.kanjialive.com/search,116,0,60
1.74188E+12,114,HTTP Request,200,OK,Thread Group 1-178,text,TRUE,,5142,126,18,18,https://app.kanjialive.com/search,114,0,62
1.74188E+12,100,HTTP Request,200,OK,Thread Group 1-179,text,TRUE,,5138,126,18,18,https://app.kanjialive.com/search,100,0,56
1.74188E+12,115,HTTP Request,200,OK,Thread Group 1-180,text,TRUE,,5138,126,18,18,https://app.kanjialive.com/search,114,0,68
1.74188E+12,119,HTTP Request,200,OK,Thread Group 1-181,text,TRUE,,5139,126,17,17,https://app.kanjialive.com/search,118,0,68
1.74188E+12,103,HTTP Request,200,OK,Thread Group 1-182,text,TRUE,,5143,126,17,17,https://app.kanjialive.com/search,101,0,56
1.74188E+12,103,HTTP Request,200,OK,Thread Group 1-183,text,TRUE,,5142,126,18,18,https://app.kanjialive.com/search,101,0,58
1.74188E+12,123,HTTP Request,200,OK,Thread Group 1-185,text,TRUE,,5142,126,17,17,https://app.kanjialive.com/search,122,0,63
1.74188E+12,117,HTTP Request,200,OK,Thread Group 1-184,text,TRUE,,5142,126,16,16,https://app.kanjialive.com/search,117,0,67
1.74188E+12,123,HTTP Request,200,OK,Thread Group 1-186,text,TRUE,,5138,126,15,15,https://app.kanjialive.com/search,122,0,62
1.74188E+12,99,HTTP Request,200,OK,Thread Group 1-187,text,TRUE,,5138,126,14,14,https://app.kanjialive.com/search,99,0,53
1.74188E+12,98,HTTP Request,200,OK,Thread Group 1-188,text,TRUE,,5138,126,13,13,https://app.kanjialive.com/search,98,0,55
1.74188E+12,112,HTTP Request,200,OK,Thread Group 1-189,text,TRUE,,5142,126,12,12,https://app.kanjialive.com/search,111,0,63
1.74188E+12,122,HTTP Request,200,OK,Thread Group 1-190,text,TRUE,,5143,126,11,11,https://app.kanjialive.com/search,121,0,63
1.74188E+12,106,HTTP Request,200,OK,Thread Group 1-191,text,TRUE,,5142,126,10,10,https://app.kanjialive.com/search,105,0,59
1.74188E+12,119,HTTP Request,200,OK,Thread Group 1-192,text,TRUE,,5142,126,9,9,https://app.kanjialive.com/search,119,0,63
1.74188E+12,103,HTTP Request,200,OK,Thread Group 1-193,text,TRUE,,5142,126,8,8,https://app.kanjialive.com/search,103,0,58
1.74188E+12,99,HTTP Request,200,OK,Thread Group 1-194,text,TRUE,,5142,126,7,7,https://app.kanjialive.com/search,99,0,54
1.74188E+12,154,HTTP Request,200,OK,Thread Group 1-195,text,TRUE,,5147,126,6,6,https://app.kanjialive.com/search,154,0,95
1.74188E+12,117,HTTP Request,200,OK,Thread Group 1-196,text,TRUE,,5147,126,5,5,https://app.kanjialive.com/search,116,0,72
1.74188E+12,102,HTTP Request,200,OK,Thread Group 1-197,text,TRUE,,5146,126,4,4,https://app.kanjialive.com/search,102,0,59
1.74188E+12,113,HTTP Request,200,OK,Thread Group 1-198,text,TRUE,,5146,126,3,3,https://app.kanjialive.com/search,111,0,67
1.74188E+12,110,HTTP Request,200,OK,Thread Group 1-199,text,TRUE,,5147,126,2,2,https://app.kanjialive.com/search,109,0,59
1.74188E+12,112,HTTP Request,200,OK,Thread Group 1-200,text,TRUE,,5146,126,1,1,https://app.kanjialive.com/search,112,0,64
,,,,,,,,,,,,,,122.795,,